status,breaks,match_method,trade_id,broker_ref,client_ref,trade_date,symbol,side,side_brk,quantity,quantity_brk,price,price_brk,settle_date,settle_date_brk,commission,commission_brk,net_amount,net_amount_brk,cash_impact
MATCHED,[],reference,T0043,BRK9000,CR00043,2026-09-01,AMZN,SELL,SELL,1100.0,1100.0,177.8824,177.8824,2026-09-02,2026-09-02,11.0,11.0,195659.64,195659.64,0.0
MATCHED,[],reference,T0104,BRK9001,CR00104,2026-09-01,BAC,BUY,BUY,3000.0,3000.0,39.9212,39.9212,2026-09-02,2026-09-02,30.0,30.0,-119793.6,-119793.6,0.0
MATCHED,[],reference,T0012,BRK9002,CR00012,2026-09-01,CAT,BUY,BUY,2400.0,2400.0,361.7823,361.7823,2026-09-02,2026-09-02,24.0,24.0,-868301.52,-868301.52,0.0
MATCHED,[],reference,T0099,BRK9003,CR00099,2026-09-01,NVDA,SELL,SELL,3300.0,3300.0,119.9033,119.9033,2026-09-02,2026-09-02,33.0,33.0,395647.89,395647.89,0.0
MATCHED,[],reference,T0097,BRK9004,CR00097,2026-09-01,KO,SELL,SELL,1400.0,1400.0,66.8099,66.8099,2026-09-02,2026-09-02,14.0,14.0,93519.86,93519.86,0.0
MATCHED,[],reference,T0094,BRK9005,CR00094,2026-09-01,MSFT,SELL,SELL,2800.0,2800.0,429.6168,429.6168,2026-09-02,2026-09-02,28.0,28.0,1202899.04,1202899.04,0.0
MATCHED,[],reference,T0014,BRK9006,CR00014,2026-09-01,AMZN,BUY,BUY,3500.0,3500.0,186.9529,186.9529,2026-09-02,2026-09-02,35.0,35.0,-654370.15,-654370.15,0.0
MATCHED,[],reference,T0070,BRK9007,CR00070,2026-09-01,KO,SELL,SELL,3400.0,3400.0,68.7787,68.7787,2026-09-02,2026-09-02,34.0,34.0,233813.58,233813.58,0.0
MATCHED,[],reference,T0027,BRK9008,CR00027,2026-09-02,MSFT,SELL,SELL,3300.0,3300.0,425.0554,425.0554,2026-09-03,2026-09-03,33.0,33.0,1402649.82,1402649.82,0.0
MATCHED,[],reference,T0065,BRK9009,CR00065,2026-09-02,BAC,BUY,BUY,2200.0,2200.0,42.0752,42.0752,2026-09-03,2026-09-03,22.0,22.0,-92587.44,-92587.44,0.0
MATCHED,[],reference,T0102,BRK9010,CR00102,2026-09-02,AAPL,SELL,SELL,500.0,500.0,217.1552,217.1552,2026-09-03,2026-09-03,5.0,5.0,108572.6,108572.6,0.0
MATCHED,[],reference,T0034,BRK9011,CR00034,2026-09-02,MSFT,BUY,BUY,2100.0,2100.0,452.0978,452.0978,2026-09-03,2026-09-03,21.0,21.0,-949426.38,-949426.38,0.0
MATCHED,[],reference,T0118,BRK9012,CR00118,2026-09-02,JPM,SELL,SELL,600.0,600.0,212.2807,212.2807,2026-09-03,2026-09-03,6.0,6.0,127362.42,127362.42,0.0
BREAK,"['COMMISSION', 'NET_AMOUNT']",reference,T0081,BRK9013,CR00081,2026-09-02,KO,BUY,BUY,2000.0,2000.0,68.3584,68.3584,2026-09-03,2026-09-03,40.0,20.0,-136756.8,-136736.8,20.0
MATCHED,[],reference,T0166,BRK9014,CR00166,2026-09-02,JNJ,BUY,BUY,2600.0,2600.0,159.4289,159.4289,2026-09-03,2026-09-03,26.0,26.0,-414541.14,-414541.14,0.0
MATCHED,[],reference,T0082,BRK9015,CR00082,2026-09-03,JNJ,BUY,BUY,1800.0,1800.0,161.504,161.504,2026-09-04,2026-09-04,18.0,18.0,-290725.2,-290725.2,0.0
MATCHED,[],reference,T0154,BRK9016,CR00154,2026-09-03,AMZN,BUY,BUY,2200.0,2200.0,182.106,182.106,2026-09-04,2026-09-04,22.0,22.0,-400655.2,-400655.2,0.0
MATCHED,[],reference,T0133,BRK9017,CR00133,2026-09-03,AAPL,BUY,BUY,900.0,900.0,237.7728,237.7728,2026-09-04,2026-09-04,9.0,9.0,-214004.52,-214004.52,0.0
MATCHED,[],reference,T0038,BRK9018,CR00038,2026-09-03,JPM,SELL,SELL,2300.0,2300.0,203.9102,203.9102,2026-09-04,2026-09-04,23.0,23.0,468970.46,468970.46,0.0
MATCHED,[],reference,T0051,BRK9019,CR00051,2026-09-03,NVDA,SELL,SELL,2500.0,2500.0,120.2231,120.2231,2026-09-04,2026-09-04,25.0,25.0,300532.75,300532.75,0.0
MATCHED,[],reference,T0059,BRK9020,CR00059,2026-09-04,NVDA,BUY,BUY,3400.0,3400.0,122.3932,122.3932,2026-09-07,2026-09-07,34.0,34.0,-416170.88,-416170.88,0.0
MATCHED,[],reference,T0132,BRK9021,CR00132,2026-09-04,BAC,SELL,SELL,1300.0,1300.0,41.6949,41.6949,2026-09-07,2026-09-07,13.0,13.0,54190.37,54190.37,0.0
MATCHED,[],reference,T0146,BRK9022,CR00146,2026-09-04,CAT,BUY,BUY,3600.0,3600.0,361.7518,361.7518,2026-09-07,2026-09-07,36.0,36.0,-1302342.48,-1302342.48,0.0
MATCHED,[],reference,T0071,BRK9023,CR00071,2026-09-04,AMZN,SELL,SELL,1800.0,1800.0,187.5782,187.5782,2026-09-07,2026-09-07,18.0,18.0,337622.76,337622.76,0.0
MATCHED,[],reference,T0155,BRK9024,CR00155,2026-09-04,KO,BUY,BUY,1900.0,1900.0,69.5269,69.5269,2026-09-07,2026-09-07,19.0,19.0,-132120.11,-132120.11,0.0
MATCHED,[],reference,T0153,BRK9025,CR00153,2026-09-04,NVDA,SELL,SELL,400.0,400.0,123.0572,123.0572,2026-09-07,2026-09-07,4.0,4.0,49218.88,49218.88,0.0
MATCHED,[],reference,T0080,BRK9026,CR00080,2026-09-04,MSFT,BUY,BUY,1100.0,1100.0,426.2882,426.2882,2026-09-07,2026-09-07,11.0,11.0,-468928.02,-468928.02,0.0
MATCHED,[],reference,T0091,BRK9027,CR00091,2026-09-04,CAT,SELL,SELL,200.0,200.0,351.7127,351.7127,2026-09-07,2026-09-07,2.0,2.0,70340.54,70340.54,0.0
MATCHED,[],reference,T0174,BRK9028,CR00174,2026-09-04,AMZN,BUY,BUY,1300.0,1300.0,188.0716,188.0716,2026-09-07,2026-09-07,13.0,13.0,-244506.08,-244506.08,0.0
MATCHED,[],reference,T0172,BRK9029,CR00172,2026-09-04,MSFT,BUY,BUY,800.0,800.0,415.7121,415.7121,2026-09-07,2026-09-07,8.0,8.0,-332577.68,-332577.68,0.0
MATCHED,[],reference,T0123,BRK9030,CR00123,2026-09-07,AMZN,BUY,BUY,2400.0,2400.0,179.5135,179.5135,2026-09-08,2026-09-08,24.0,24.0,-430856.4,-430856.4,0.0
MATCHED,[],reference,T0075,BRK9031,CR00075,2026-09-07,JNJ,BUY,BUY,3600.0,3600.0,166.4783,166.4783,2026-09-08,2026-09-08,36.0,36.0,-599357.88,-599357.88,0.0
MATCHED,[],reference,T0033,BRK9032,CR00033,2026-09-07,KO,SELL,SELL,300.0,300.0,68.085,68.085,2026-09-08,2026-09-08,3.0,3.0,20422.5,20422.5,0.0
MATCHED,[],reference,T0141,BRK9033,CR00141,2026-09-07,MSFT,BUY,BUY,3800.0,3800.0,426.4032,426.4032,2026-09-08,2026-09-08,38.0,38.0,-1620370.16,-1620370.16,0.0
MATCHED,[],reference,T0176,BRK9034,CR00176,2026-09-07,BAC,SELL,SELL,500.0,500.0,42.2899,42.2899,2026-09-08,2026-09-08,5.0,5.0,21139.95,21139.95,0.0
MATCHED,[],reference,T0008,BRK9035,CR00008,2026-09-07,JPM,SELL,SELL,2900.0,2900.0,204.9885,204.9885,2026-09-08,2026-09-08,29.0,29.0,594437.65,594437.65,0.0
MATCHED,[],reference,T0064,BRK9036,CR00064,2026-09-07,MSFT,BUY,BUY,300.0,300.0,436.0033,436.0033,2026-09-08,2026-09-08,3.0,3.0,-130803.99,-130803.99,0.0
MATCHED,[],reference,T0055,BRK9037,CR00055,2026-09-07,NVDA,SELL,SELL,300.0,300.0,118.622,118.622,2026-09-08,2026-09-08,3.0,3.0,35583.6,35583.6,0.0
MATCHED,[],reference,T0108,BRK9038,CR00108,2026-09-07,JPM,BUY,BUY,800.0,800.0,211.8816,211.8816,2026-09-08,2026-09-08,8.0,8.0,-169513.28,-169513.28,0.0
MATCHED,[],reference,T0048,BRK9039,CR00048,2026-09-08,AMZN,BUY,BUY,1700.0,1700.0,179.4408,179.4408,2026-09-09,2026-09-09,17.0,17.0,-305066.36,-305066.36,0.0
MATCHED,[],reference,T0163,BRK9040,CR00163,2026-09-08,AMZN,BUY,BUY,1300.0,1300.0,187.214,187.214,2026-09-09,2026-09-09,13.0,13.0,-243391.2,-243391.2,0.0
MATCHED,[],reference,T0032,BRK9041,CR00032,2026-09-08,CAT,BUY,BUY,3800.0,3800.0,369.608,369.608,2026-09-09,2026-09-09,38.0,38.0,-1404548.4,-1404548.4,0.0
MATCHED,[],reference,T0178,BRK9042,CR00178,2026-09-08,AMZN,BUY,BUY,1200.0,1200.0,184.396,184.396,2026-09-09,2026-09-09,12.0,12.0,-221287.2,-221287.2,0.0
MATCHED,[],reference,T0156,BRK9043,CR00156,2026-09-09,NVDA,SELL,SELL,3200.0,3200.0,117.7161,117.7161,2026-09-10,2026-09-10,32.0,32.0,376659.52,376659.52,0.0
MATCHED,[],reference,T0078,BRK9044,CR00078,2026-09-09,NVDA,SELL,SELL,800.0,800.0,121.2082,121.2082,2026-09-10,2026-09-10,8.0,8.0,96958.56,96958.56,0.0
MATCHED,[],reference,T0122,BRK9045,CR00122,2026-09-09,MSFT,BUY,BUY,3400.0,3400.0,427.5977,427.5977,2026-09-10,2026-09-10,34.0,34.0,-1453866.18,-1453866.18,0.0
MATCHED,[],reference,T0106,BRK9046,CR00106,2026-09-09,CAT,BUY,BUY,2600.0,2600.0,344.1768,344.1768,2026-09-10,2026-09-10,26.0,26.0,-894885.68,-894885.68,0.0
MATCHED,[],reference,T0143,BRK9047,CR00143,2026-09-09,MSFT,BUY,BUY,1000.0,1000.0,423.6461,423.6461,2026-09-10,2026-09-10,10.0,10.0,-423656.1,-423656.1,0.0
MATCHED,[],reference,T0073,BRK9048,CR00073,2026-09-09,CAT,BUY,BUY,3000.0,3000.0,357.0001,357.0001,2026-09-10,2026-09-10,30.0,30.0,-1071030.3,-1071030.3,0.0
MATCHED,[],reference,T0169,BRK9049,CR00169,2026-09-09,MSFT,BUY,BUY,1100.0,1100.0,436.6042,436.6042,2026-09-10,2026-09-10,11.0,11.0,-480275.62,-480275.62,0.0
MATCHED,[],reference,T0036,BRK9050,CR00036,2026-09-09,JNJ,SELL,SELL,700.0,700.0,160.6143,160.6143,2026-09-10,2026-09-10,7.0,7.0,112423.01,112423.01,0.0
MATCHED,[],reference,T0138,BRK9051,CR00138,2026-09-09,JPM,SELL,SELL,1500.0,1500.0,213.9301,213.9301,2026-09-10,2026-09-10,15.0,15.0,320880.15,320880.15,0.0
MATCHED,[],reference,T0110,BRK9052,CR00110,2026-09-10,BAC,BUY,BUY,1300.0,1300.0,42.6377,42.6377,2026-09-11,2026-09-11,13.0,13.0,-55442.01,-55442.01,0.0
MATCHED,[],reference,T0089,BRK9053,CR00089,2026-09-10,AMZN,SELL,SELL,100.0,100.0,186.4706,186.4706,2026-09-11,2026-09-11,1.0,1.0,18646.06,18646.06,0.0
MATCHED,[],reference,T0041,BRK9054,CR00041,2026-09-10,XOM,BUY,BUY,600.0,600.0,113.3174,113.3174,2026-09-11,2026-09-11,6.0,6.0,-67996.44,-67996.44,0.0
MATCHED,[],reference,T0052,BRK9055,CR00052,2026-09-10,NVDA,SELL,SELL,3400.0,3400.0,120.9312,120.9312,2026-09-11,2026-09-11,34.0,34.0,411132.08,411132.08,0.0
MATCHED,[],reference,T0092,BRK9056,CR00092,2026-09-10,AAPL,BUY,BUY,1400.0,1400.0,227.082,227.082,2026-09-11,2026-09-11,14.0,14.0,-317928.8,-317928.8,0.0
MATCHED,[],reference,T0103,BRK9057,CR00103,2026-09-10,NVDA,BUY,BUY,2700.0,2700.0,119.4858,119.4858,2026-09-11,2026-09-11,27.0,27.0,-322638.66,-322638.66,0.0
MATCHED,[],reference,T0158,BRK9058,CR00158,2026-09-10,NVDA,SELL,SELL,1400.0,1400.0,116.7425,116.7425,2026-09-11,2026-09-11,14.0,14.0,163425.5,163425.5,0.0
MATCHED,[],reference,T0026,BRK9061,CR00026,2026-09-11,AAPL,BUY,BUY,2100.0,2100.0,236.9661,236.9661,2026-09-14,2026-09-14,21.0,21.0,-497649.81,-497649.81,0.0
MATCHED,[],reference,T0179,BRK9062,CR00179,2026-09-11,KO,BUY,BUY,2300.0,2300.0,68.4395,68.4395,2026-09-14,2026-09-14,23.0,23.0,-157433.85,-157433.85,0.0
MATCHED,[],reference,T0149,BRK9063,CR00149,2026-09-11,JNJ,BUY,BUY,3900.0,3900.0,163.3228,163.3228,2026-09-14,2026-09-14,39.0,39.0,-636997.92,-636997.92,0.0
MATCHED,[],reference,T0100,BRK9064,CR00100,2026-09-11,AAPL,BUY,BUY,3300.0,3300.0,228.3848,228.3848,2026-09-14,2026-09-14,33.0,33.0,-753702.84,-753702.84,0.0
MATCHED (within tolerance),[],reference,T0039,BRK9065,CR00039,2026-09-11,CAT,SELL,SELL,2200.0,2200.0,364.1754,364.18,2026-09-14,2026-09-14,22.0,22.0,801163.88,801163.88,0.0
MATCHED,[],reference,T0130,BRK9066,CR00130,2026-09-14,AAPL,SELL,SELL,800.0,800.0,227.9933,227.9933,2026-09-15,2026-09-15,8.0,8.0,182386.64,182386.64,0.0
BREAK,"['SIDE', 'NET_AMOUNT']",reference,T0005,BRK9067,CR00005,2026-09-14,BAC,BUY,SELL,600.0,600.0,42.6926,42.6926,2026-09-15,2026-09-15,6.0,6.0,-25621.56,25609.56,51231.12
MATCHED,[],reference,T0066,BRK9068,CR00066,2026-09-14,BAC,SELL,SELL,2800.0,2800.0,41.4142,41.4142,2026-09-15,2026-09-15,28.0,28.0,115931.76,115931.76,0.0
MATCHED,[],reference,T0175,BRK9069,CR00175,2026-09-14,XOM,BUY,BUY,1100.0,1100.0,116.4154,116.4154,2026-09-15,2026-09-15,11.0,11.0,-128067.94,-128067.94,0.0
MATCHED,[],reference,T0058,BRK9070,CR00058,2026-09-14,AAPL,SELL,SELL,100.0,100.0,232.5007,232.5007,2026-09-15,2026-09-15,1.0,1.0,23249.07,23249.07,0.0
MATCHED,[],reference,T0119,BRK9072,CR00119,2026-09-14,AAPL,SELL,SELL,2100.0,2100.0,229.8227,229.8227,2026-09-15,2026-09-15,21.0,21.0,482606.67,482606.67,0.0
MATCHED,[],reference,T0150,BRK9073,CR00150,2026-09-14,MSFT,SELL,SELL,1200.0,1200.0,429.7072,429.7072,2026-09-15,2026-09-15,12.0,12.0,515636.64,515636.64,0.0
MATCHED,[],reference,T0170,BRK9074,CR00170,2026-09-14,KO,BUY,BUY,700.0,700.0,65.2497,65.2497,2026-09-15,2026-09-15,7.0,7.0,-45681.79,-45681.79,0.0
MATCHED,[],reference,T0168,BRK9075,CR00168,2026-09-14,AAPL,SELL,SELL,200.0,200.0,224.8488,224.8488,2026-09-15,2026-09-15,2.0,2.0,44967.76,44967.76,0.0
MATCHED,[],reference,T0062,BRK9076,CR00062,2026-09-14,AAPL,BUY,BUY,3200.0,3200.0,233.6421,233.6421,2026-09-15,2026-09-15,32.0,32.0,-747686.72,-747686.72,0.0
MATCHED,[],reference,T0056,BRK9077,CR00056,2026-09-15,KO,SELL,SELL,2000.0,2000.0,68.0602,68.0602,2026-09-16,2026-09-16,20.0,20.0,136100.4,136100.4,0.0
MATCHED,[],reference,T0137,BRK9078,CR00137,2026-09-15,XOM,BUY,BUY,1200.0,1200.0,113.3237,113.3237,2026-09-16,2026-09-16,12.0,12.0,-136000.44,-136000.44,0.0
MATCHED,[],reference,T0060,BRK9079,CR00060,2026-09-15,XOM,BUY,BUY,600.0,600.0,115.1854,115.1854,2026-09-16,2026-09-16,6.0,6.0,-69117.24,-69117.24,0.0
MATCHED,[],reference,T0044,BRK9080,CR00044,2026-09-15,MSFT,BUY,BUY,1200.0,1200.0,434.9696,434.9696,2026-09-16,2026-09-16,12.0,12.0,-521975.52,-521975.52,0.0
MATCHED,[],reference,T0023,BRK9081,CR00023,2026-09-15,NVDA,BUY,BUY,3400.0,3400.0,121.1162,121.1162,2026-09-16,2026-09-16,34.0,34.0,-411829.08,-411829.08,0.0
MATCHED,[],reference,T0068,BRK9082,CR00068,2026-09-15,MSFT,BUY,BUY,3200.0,3200.0,439.3894,439.3894,2026-09-16,2026-09-16,32.0,32.0,-1406078.08,-1406078.08,0.0
MATCHED,[],reference,T0087,BRK9083,CR00087,2026-09-15,AAPL,BUY,BUY,200.0,200.0,236.1222,236.1222,2026-09-16,2026-09-16,2.0,2.0,-47226.44,-47226.44,0.0
MATCHED (within tolerance),[],reference,T0109,BRK9084,CR00109,2026-09-16,JNJ,BUY,BUY,1100.0,1100.0,161.4701,161.47,2026-09-17,2026-09-17,11.0,11.0,-177628.11,-177628.11,0.0
MATCHED,[],reference,T0180,BRK9085,CR00180,2026-09-16,MSFT,BUY,BUY,1300.0,1300.0,417.9553,417.9553,2026-09-17,2026-09-17,13.0,13.0,-543354.89,-543354.89,0.0
MATCHED,[],reference,T0047,BRK9086,CR00047,2026-09-16,MSFT,BUY,BUY,3200.0,3200.0,434.8127,434.8127,2026-09-17,2026-09-17,32.0,32.0,-1391432.64,-1391432.64,0.0
MATCHED,[],reference,T0006,BRK9087,CR00006,2026-09-16,JNJ,SELL,SELL,3300.0,3300.0,157.2149,157.2149,2026-09-17,2026-09-17,33.0,33.0,518776.17,518776.17,0.0
MATCHED,[],reference,T0011,BRK9088,CR00011,2026-09-16,NVDA,SELL,SELL,600.0,600.0,122.5029,122.5029,2026-09-17,2026-09-17,6.0,6.0,73495.74,73495.74,0.0
MATCHED,[],reference,T0077,BRK9089,CR00077,2026-09-16,AAPL,BUY,BUY,2700.0,2700.0,231.6973,231.6973,2026-09-17,2026-09-17,27.0,27.0,-625609.71,-625609.71,0.0
MATCHED,[],reference,T0136,BRK9090,CR00136,2026-09-16,BAC,BUY,BUY,1300.0,1300.0,39.8874,39.8874,2026-09-17,2026-09-17,13.0,13.0,-51866.62,-51866.62,0.0
MATCHED,[],reference,T0139,BRK9091,CR00139,2026-09-16,XOM,BUY,BUY,3300.0,3300.0,114.8547,114.8547,2026-09-17,2026-09-17,33.0,33.0,-379053.51,-379053.51,0.0
MATCHED,[],reference,T0031,BRK9092,CR00031,2026-09-16,JNJ,BUY,BUY,200.0,200.0,158.4442,158.4442,2026-09-17,2026-09-17,2.0,2.0,-31690.84,-31690.84,0.0
MATCHED,[],reference,T0127,BRK9093,CR00127,2026-09-16,JPM,BUY,BUY,3900.0,3900.0,207.9248,207.9248,2026-09-17,2026-09-17,39.0,39.0,-810945.72,-810945.72,0.0
MATCHED,[],reference,T0173,BRK9094,CR00173,2026-09-17,BAC,BUY,BUY,900.0,900.0,39.7884,39.7884,2026-09-18,2026-09-18,9.0,9.0,-35818.56,-35818.56,0.0
MATCHED,[],reference,T0164,BRK9095,CR00164,2026-09-17,AAPL,BUY,BUY,700.0,700.0,222.6418,222.6418,2026-09-18,2026-09-18,7.0,7.0,-155856.26,-155856.26,0.0
MATCHED,[],reference,T0161,BRK9096,CR00161,2026-09-17,KO,SELL,SELL,3000.0,3000.0,69.4682,69.4682,2026-09-18,2026-09-18,30.0,30.0,208374.6,208374.6,0.0
MATCHED,[],reference,T0085,BRK9097,CR00085,2026-09-17,BAC,BUY,BUY,1900.0,1900.0,41.7626,41.7626,2026-09-18,2026-09-18,19.0,19.0,-79367.94,-79367.94,0.0
MATCHED,[],reference,T0083,BRK9098,CR00083,2026-09-17,XOM,SELL,SELL,1600.0,1600.0,115.3419,115.3419,2026-09-18,2026-09-18,16.0,16.0,184531.04,184531.04,0.0
MATCHED,[],reference,T0114,BRK9099,CR00114,2026-09-17,BAC,SELL,SELL,3000.0,3000.0,41.5005,41.5005,2026-09-18,2026-09-18,30.0,30.0,124471.5,124471.5,0.0
MATCHED,[],reference,T0140,BRK9100,CR00140,2026-09-18,AAPL,SELL,SELL,2100.0,2100.0,234.85,234.85,2026-09-21,2026-09-21,21.0,21.0,493164.0,493164.0,0.0
MATCHED,[],reference,T0120,BRK9101,CR00120,2026-09-18,MSFT,SELL,SELL,1900.0,1900.0,425.4468,425.4468,2026-09-21,2026-09-21,19.0,19.0,808329.92,808329.92,0.0
MATCHED,[],reference,T0029,BRK9102,CR00029,2026-09-18,XOM,SELL,SELL,600.0,600.0,114.5314,114.5314,2026-09-21,2026-09-21,6.0,6.0,68712.84,68712.84,0.0
MATCHED,[],reference,T0111,BRK9103,CR00111,2026-09-18,XOM,SELL,SELL,3100.0,3100.0,113.6478,113.6478,2026-09-21,2026-09-21,31.0,31.0,352277.18,352277.18,0.0
MATCHED,[],reference,T0074,BRK9104,CR00074,2026-09-18,JNJ,BUY,BUY,300.0,300.0,163.352,163.352,2026-09-21,2026-09-21,3.0,3.0,-49008.6,-49008.6,0.0
MATCHED,[],reference,T0117,BRK9105,CR00117,2026-09-18,AMZN,BUY,BUY,1600.0,1600.0,186.3105,186.3105,2026-09-21,2026-09-21,16.0,16.0,-298112.8,-298112.8,0.0
MATCHED,[],reference,T0013,BRK9106,CR00013,2026-09-18,XOM,BUY,BUY,1400.0,1400.0,113.4783,113.4783,2026-09-21,2026-09-21,14.0,14.0,-158883.62,-158883.62,0.0
MATCHED,[],reference,T0088,BRK9107,CR00088,2026-09-18,XOM,BUY,BUY,3100.0,3100.0,114.1467,114.1467,2026-09-21,2026-09-21,31.0,31.0,-353885.77,-353885.77,0.0
MATCHED,[],reference,T0004,BRK9108,CR00004,2026-09-18,JPM,BUY,BUY,1800.0,1800.0,209.4264,209.4264,2026-09-21,2026-09-21,18.0,18.0,-376985.52,-376985.52,0.0
MATCHED,[],reference,T0157,BRK9109,CR00157,2026-09-21,KO,SELL,SELL,1400.0,1400.0,68.6768,68.6768,2026-09-22,2026-09-22,14.0,14.0,96133.52,96133.52,0.0
MATCHED,[],reference,T0128,BRK9110,CR00128,2026-09-21,KO,SELL,SELL,3200.0,3200.0,68.6701,68.6701,2026-09-22,2026-09-22,32.0,32.0,219712.32,219712.32,0.0
MATCHED,[],reference,T0142,BRK9111,CR00142,2026-09-21,NVDA,BUY,BUY,2800.0,2800.0,120.7662,120.7662,2026-09-22,2026-09-22,28.0,28.0,-338173.36,-338173.36,0.0
MATCHED,[],reference,T0001,BRK9112,CR00001,2026-09-21,MSFT,BUY,BUY,600.0,600.0,440.5326,440.5326,2026-09-22,2026-09-22,6.0,6.0,-264325.56,-264325.56,0.0
MATCHED,[],reference,T0112,BRK9113,CR00112,2026-09-21,MSFT,SELL,SELL,200.0,200.0,433.3831,433.3831,2026-09-22,2026-09-22,2.0,2.0,86674.62,86674.62,0.0
MATCHED,[],reference,T0009,BRK9114,CR00009,2026-09-21,BAC,BUY,BUY,3400.0,3400.0,42.7537,42.7537,2026-09-22,2026-09-22,34.0,34.0,-145396.58,-145396.58,0.0
MATCHED,[],reference,T0101,BRK9115,CR00101,2026-09-21,AAPL,BUY,BUY,1800.0,1800.0,229.643,229.643,2026-09-22,2026-09-22,18.0,18.0,-413375.4,-413375.4,0.0
MATCHED,[],reference,T0053,BRK9116,CR00053,2026-09-21,AMZN,SELL,SELL,3500.0,3500.0,180.084,180.084,2026-09-22,2026-09-22,35.0,35.0,630259.0,630259.0,0.0
MATCHED,[],reference,T0093,BRK9117,CR00093,2026-09-21,AMZN,SELL,SELL,2200.0,2200.0,195.7785,195.7785,2026-09-22,2026-09-22,22.0,22.0,430690.7,430690.7,0.0
MATCHED,[],reference,T0021,BRK9118,CR00021,2026-09-21,XOM,BUY,BUY,3200.0,3200.0,116.392,116.392,2026-09-22,2026-09-22,32.0,32.0,-372486.4,-372486.4,0.0
BREAK,"['PRICE', 'NET_AMOUNT']",reference,T0131,BRK9119,CR00131,2026-09-22,BAC,SELL,SELL,1100.0,1100.0,43.3834,43.1334,2026-09-23,2026-09-23,11.0,11.0,47710.74,47435.74,-275.0
MATCHED,[],reference,T0049,BRK9120,CR00049,2026-09-22,MSFT,BUY,BUY,400.0,400.0,423.5705,423.5705,2026-09-23,2026-09-23,4.0,4.0,-169432.2,-169432.2,0.0
MATCHED,[],reference,T0046,BRK9121,CR00046,2026-09-22,AMZN,BUY,BUY,3700.0,3700.0,181.9731,181.9731,2026-09-23,2026-09-23,37.0,37.0,-673337.47,-673337.47,0.0
MATCHED,[],reference,T0022,BRK9122,CR00022,2026-09-22,AAPL,BUY,BUY,3700.0,3700.0,238.2394,238.2394,2026-09-23,2026-09-23,37.0,37.0,-881522.78,-881522.78,0.0
MATCHED,[],reference,T0096,BRK9123,CR00096,2026-09-22,JNJ,SELL,SELL,3000.0,3000.0,164.0697,164.0697,2026-09-23,2026-09-23,30.0,30.0,492179.1,492179.1,0.0
MATCHED,[],reference,T0098,BRK9124,CR00098,2026-09-22,NVDA,SELL,SELL,3700.0,3700.0,122.235,122.235,2026-09-23,2026-09-23,37.0,37.0,452232.5,452232.5,0.0
MATCHED,[],reference,T0107,BRK9125,CR00107,2026-09-22,MSFT,BUY,BUY,1300.0,1300.0,438.278,438.278,2026-09-23,2026-09-23,13.0,13.0,-569774.4,-569774.4,0.0
MATCHED,[],reference,T0165,BRK9126,CR00165,2026-09-22,AAPL,SELL,SELL,3700.0,3700.0,225.7282,225.7282,2026-09-23,2026-09-23,37.0,37.0,835157.34,835157.34,0.0
BREAK,"['PRICE', 'NET_AMOUNT']",reference,T0040,BRK9128,CR00040,2026-09-23,KO,BUY,BUY,2900.0,2900.0,69.6331,69.3831,2026-09-24,2026-09-24,29.0,29.0,-201964.99,-201239.99,725.0
MATCHED,[],reference,T0045,BRK9130,CR00045,2026-09-23,JNJ,SELL,SELL,2400.0,2400.0,166.4339,166.4339,2026-09-24,2026-09-24,24.0,24.0,399417.36,399417.36,0.0
MATCHED,[],reference,T0017,BRK9131,CR00017,2026-09-23,AAPL,BUY,BUY,1300.0,1300.0,221.8685,221.8685,2026-09-24,2026-09-24,13.0,13.0,-288442.05,-288442.05,0.0
MATCHED,[],reference,T0050,BRK9132,CR00050,2026-09-23,AAPL,BUY,BUY,2300.0,2300.0,233.7677,233.7677,2026-09-24,2026-09-24,23.0,23.0,-537688.71,-537688.71,0.0
MATCHED (within tolerance),[],reference,T0069,BRK9133,CR00069,2026-09-23,KO,BUY,BUY,300.0,300.0,68.2039,68.2,2026-09-24,2026-09-24,3.0,3.0,-20464.17,-20464.17,0.0
MATCHED,[],reference,T0086,BRK9135,CR00086,2026-09-23,JPM,BUY,BUY,300.0,300.0,207.2033,207.2033,2026-09-24,2026-09-24,3.0,3.0,-62163.99,-62163.99,0.0
BREAK,"['QUANTITY', 'NET_AMOUNT']",reference,T0095,BRK9136,CR00095,2026-09-23,JPM,BUY,BUY,1400.0,1300.0,206.8217,206.8217,2026-09-24,2026-09-24,13.0,13.0,-289563.38,-268881.21,20682.169999999984
MATCHED,[],reference,T0129,BRK9137,CR00129,2026-09-23,JNJ,SELL,SELL,1800.0,1800.0,155.1476,155.1476,2026-09-24,2026-09-24,18.0,18.0,279247.68,279247.68,0.0
MATCHED,[],reference,T0035,BRK9138,CR00035,2026-09-24,JPM,BUY,BUY,1000.0,1000.0,212.504,212.504,2026-09-25,2026-09-25,10.0,10.0,-212514.0,-212514.0,0.0
MATCHED,[],reference,T0018,BRK9139,CR00018,2026-09-24,MSFT,BUY,BUY,100.0,100.0,426.2241,426.2241,2026-09-25,2026-09-25,1.0,1.0,-42623.41,-42623.41,0.0
MATCHED,[],reference,T0016,BRK9140,CR00016,2026-09-24,AAPL,BUY,BUY,800.0,800.0,223.8729,223.8729,2026-09-25,2026-09-25,8.0,8.0,-179106.32,-179106.32,0.0
MATCHED,[],reference,T0145,BRK9141,CR00145,2026-09-24,JNJ,SELL,SELL,3100.0,3100.0,155.9952,155.9952,2026-09-25,2026-09-25,31.0,31.0,483554.12,483554.12,0.0
MATCHED,[],reference,T0015,BRK9142,CR00015,2026-09-24,AAPL,BUY,BUY,3900.0,3900.0,233.7809,233.7809,2026-09-25,2026-09-25,39.0,39.0,-911784.51,-911784.51,0.0
MATCHED,[],reference,T0162,BRK9143,CR00162,2026-09-24,JNJ,BUY,BUY,2500.0,2500.0,158.8238,158.8238,2026-09-25,2026-09-25,25.0,25.0,-397084.5,-397084.5,0.0
MATCHED,[],reference,T0067,BRK9144,CR00067,2026-09-25,JNJ,SELL,SELL,2900.0,2900.0,156.9816,156.9816,2026-09-28,2026-09-28,29.0,29.0,455217.64,455217.64,0.0
MATCHED,[],reference,T0003,BRK9146,CR00003,2026-09-25,JNJ,SELL,SELL,600.0,600.0,154.0886,154.0886,2026-09-28,2026-09-28,6.0,6.0,92447.16,92447.16,0.0
MATCHED,[],reference,T0124,BRK9147,CR00124,2026-09-25,JNJ,BUY,BUY,3900.0,3900.0,156.1478,156.1478,2026-09-28,2026-09-28,39.0,39.0,-609015.42,-609015.42,0.0
MATCHED,[],reference,T0126,BRK9148,CR00126,2026-09-25,CAT,BUY,BUY,400.0,400.0,349.3341,349.3341,2026-09-28,2026-09-28,4.0,4.0,-139737.64,-139737.64,0.0
MATCHED,[],reference,T0105,BRK9149,CR00105,2026-09-25,XOM,SELL,SELL,100.0,100.0,118.7023,118.7023,2026-09-28,2026-09-28,1.0,1.0,11869.23,11869.23,0.0
BREAK,['SETTLE_DATE'],reference,T0057,BRK9150,CR00057,2026-09-25,JNJ,SELL,SELL,500.0,500.0,155.021,155.021,2026-09-29,2026-09-28,5.0,5.0,77505.5,77505.5,0.0
MATCHED,[],reference,T0010,BRK9151,CR00010,2026-09-25,NVDA,BUY,BUY,3800.0,3800.0,121.7214,121.7214,2026-09-28,2026-09-28,38.0,38.0,-462579.32,-462579.32,0.0
MATCHED,[],reference,T0061,BRK9152,CR00061,2026-09-25,BAC,SELL,SELL,2000.0,2000.0,41.6641,41.6641,2026-09-28,2026-09-28,20.0,20.0,83308.2,83308.2,0.0
MATCHED,[],reference,T0030,BRK9153,CR00030,2026-09-25,XOM,SELL,SELL,2700.0,2700.0,114.7861,114.7861,2026-09-28,2026-09-28,27.0,27.0,309895.47,309895.47,0.0
MATCHED,[],reference,T0125,BRK9154,CR00125,2026-09-25,AMZN,BUY,BUY,1900.0,1900.0,184.7106,184.7106,2026-09-28,2026-09-28,19.0,19.0,-350969.14,-350969.14,0.0
MATCHED,[],reference,T0025,BRK9155,CR00025,2026-09-25,CAT,BUY,BUY,1800.0,1800.0,348.4824,348.4824,2026-09-28,2026-09-28,18.0,18.0,-627286.32,-627286.32,0.0
MATCHED,[],reference,T0020,BRK9156,CR00020,2026-09-25,AAPL,SELL,SELL,3400.0,3400.0,232.2654,232.2654,2026-09-28,2026-09-28,34.0,34.0,789668.36,789668.36,0.0
MATCHED,[],reference,T0002,BRK9157,CR00002,2026-09-28,AAPL,BUY,BUY,1600.0,1600.0,232.6207,232.6207,2026-09-29,2026-09-29,16.0,16.0,-372209.12,-372209.12,0.0
MATCHED,[],reference,T0116,BRK9158,CR00116,2026-09-28,XOM,SELL,SELL,3200.0,3200.0,113.8684,113.8684,2026-09-29,2026-09-29,32.0,32.0,364346.88,364346.88,0.0
MATCHED,[],reference,T0171,BRK9159,CR00171,2026-09-28,AMZN,BUY,BUY,3700.0,3700.0,182.0751,182.0751,2026-09-29,2026-09-29,37.0,37.0,-673714.87,-673714.87,0.0
MATCHED,[],reference,T0019,BRK9160,CR00019,2026-09-28,XOM,SELL,SELL,500.0,500.0,117.4102,117.4102,2026-09-29,2026-09-29,5.0,5.0,58700.1,58700.1,0.0
BREAK,"['QUANTITY', 'NET_AMOUNT']",reference,T0167,BRK9161,CR00167,2026-09-28,MSFT,SELL,SELL,900.0,800.0,444.5875,444.5875,2026-09-29,2026-09-29,8.0,8.0,400120.75,355662.0,-44458.75
MATCHED,[],reference,T0024,BRK9162,CR00024,2026-09-28,NVDA,SELL,SELL,1500.0,1500.0,116.9718,116.9718,2026-09-29,2026-09-29,15.0,15.0,175442.7,175442.7,0.0
MATCHED,[],reference,T0159,BRK9163,CR00159,2026-09-28,JPM,SELL,SELL,200.0,200.0,204.3353,204.3353,2026-09-29,2026-09-29,2.0,2.0,40865.06,40865.06,0.0
MATCHED,[],reference,T0063,BRK9164,CR00063,2026-09-28,XOM,SELL,SELL,200.0,200.0,115.8401,115.8401,2026-09-29,2026-09-29,2.0,2.0,23166.02,23166.02,0.0
MATCHED,[],reference,T0072,BRK9165,CR00072,2026-09-28,JPM,SELL,SELL,1400.0,1400.0,208.5188,208.5188,2026-09-29,2026-09-29,14.0,14.0,291912.32,291912.32,0.0
MATCHED,[],reference,T0084,BRK9166,CR00084,2026-09-28,CAT,SELL,SELL,1400.0,1400.0,354.8936,354.8936,2026-09-29,2026-09-29,14.0,14.0,496837.04,496837.04,0.0
MATCHED,[],reference,T0148,BRK9167,CR00148,2026-09-28,AAPL,SELL,SELL,3800.0,3800.0,233.3938,233.3938,2026-09-29,2026-09-29,38.0,38.0,886858.44,886858.44,0.0
MATCHED,[],reference,T0144,BRK9168,CR00144,2026-09-28,NVDA,SELL,SELL,1300.0,1300.0,122.8602,122.8602,2026-09-29,2026-09-29,13.0,13.0,159705.26,159705.26,0.0
MATCHED,[],reference,T0037,BRK9169,CR00037,2026-09-28,MSFT,BUY,BUY,1400.0,1400.0,437.9026,437.9026,2026-09-29,2026-09-29,14.0,14.0,-613077.64,-613077.64,0.0
MATCHED,[],reference,T0134,BRK9170,CR00134,2026-09-28,MSFT,BUY,BUY,1300.0,1300.0,413.7674,413.7674,2026-09-29,2026-09-29,13.0,13.0,-537910.62,-537910.62,0.0
MATCHED,[],reference,T0147,BRK9171,CR00147,2026-09-28,AAPL,SELL,SELL,2400.0,2400.0,226.1995,226.1995,2026-09-29,2026-09-29,24.0,24.0,542854.8,542854.8,0.0
MATCHED,[],reference,T0152,BRK9172,CR00152,2026-09-29,KO,SELL,SELL,3500.0,3500.0,65.6917,65.6917,2026-09-30,2026-09-30,35.0,35.0,229885.95,229885.95,0.0
MATCHED,[],reference,T0160,BRK9173,CR00160,2026-09-29,MSFT,SELL,SELL,300.0,300.0,439.2597,439.2597,2026-09-30,2026-09-30,3.0,3.0,131774.91,131774.91,0.0
MATCHED,[],reference,T0079,BRK9174,CR00079,2026-09-29,KO,BUY,BUY,2000.0,2000.0,69.6585,69.6585,2026-09-30,2026-09-30,20.0,20.0,-139337.0,-139337.0,0.0
MATCHED,[],reference,T0076,BRK9175,CR00076,2026-09-29,CAT,SELL,SELL,2800.0,2800.0,355.5368,355.5368,2026-09-30,2026-09-30,28.0,28.0,995475.04,995475.04,0.0
MATCHED,[],reference,T0007,BRK9176,CR00007,2026-09-29,MSFT,SELL,SELL,800.0,800.0,424.2331,424.2331,2026-09-30,2026-09-30,8.0,8.0,339378.48,339378.48,0.0
MATCHED,[],reference,T0177,BRK9177,CR00177,2026-09-29,CAT,BUY,BUY,300.0,300.0,374.0354,374.0354,2026-09-30,2026-09-30,3.0,3.0,-112213.62,-112213.62,0.0
MATCHED,[],reference,T0121,BRK9178,CR00121,2026-09-29,JPM,SELL,SELL,3300.0,3300.0,215.3329,215.3329,2026-09-30,2026-09-30,33.0,33.0,710565.57,710565.57,0.0
MATCHED,[],reference,T0151,BRK9179,CR00151,2026-09-29,XOM,SELL,SELL,1300.0,1300.0,111.2794,111.2794,2026-09-30,2026-09-30,13.0,13.0,144650.22,144650.22,0.0
MATCHED,[],details,T0115,BRK9059,CR00115,2026-09-10,AAPL,BUY,BUY,1600.0,1600.0,219.1432,219.1432,2026-09-11,2026-09-11,16.0,16.0,-350645.12,-350645.12,0.0
MATCHED,[],details,T0054,BRK9071,CR00054,2026-09-14,JNJ,SELL,SELL,800.0,800.0,159.3682,159.3682,2026-09-15,2026-09-15,8.0,8.0,127486.56,127486.56,0.0
MATCHED,[],details,T0090,BRK9134,CR00090,2026-09-23,BAC,BUY,BUY,2900.0,2900.0,41.739,41.739,2026-09-24,2026-09-24,29.0,29.0,-121072.1,-121072.1,0.0
MATCHED,[],details,T0113,BRK9145,CR00113,2026-09-25,AAPL,BUY,BUY,3100.0,3100.0,230.5526,230.5526,2026-09-28,2026-09-28,31.0,31.0,-714744.06,-714744.06,0.0
BREAK,['MISSING_AT_BROKER'],,T0028,,CR00028,2026-09-23,AMZN,SELL,,3500.0,,182.2392,,2026-09-24,,35.0,,637802.2,,-637802.2
BREAK,['MISSING_AT_BROKER'],,T0042,,CR00042,2026-09-23,BAC,SELL,,2400.0,,41.9222,,2026-09-24,,24.0,,100589.28,,-100589.28
BREAK,['MISSING_INTERNAL'],,,BRK9060,,2026-09-11,KO,,BUY,,2500.0,,71.2496,,2026-09-14,,25.0,,-178149.0,-178149.0
DUPLICATE,['DUPLICATE_CONFIRM'],,,BRK_DUP1,CR00064,2026-09-07,MSFT,,BUY,,300.0,,436.0033,,2026-09-08,,3.0,,-130803.99,0.0
