date,description,amount
2026-09-02,SELL AMZN settlement,195659.64
2026-09-02,BUY BAC settlement,-119793.6
2026-09-02,BUY CAT settlement,-868301.52
2026-09-02,SELL NVDA settlement,395647.89
2026-09-02,SELL KO settlement,93519.86
2026-09-02,SELL MSFT settlement,1202899.04
2026-09-02,BUY AMZN settlement,-654370.15
2026-09-02,SELL KO settlement,233813.58
2026-09-03,BUY JNJ settlement,-414541.14
2026-09-03,BUY KO settlement,-136736.8
2026-09-03,SELL JPM settlement,127362.42
2026-09-03,SELL MSFT settlement,1402649.82
2026-09-03,SELL AAPL settlement,108572.6
2026-09-03,BUY BAC settlement,-92587.44
2026-09-03,BUY MSFT settlement,-949426.38
2026-09-04,SELL NVDA settlement,300532.75
2026-09-04,SELL JPM settlement,468970.46
2026-09-04,BUY AMZN settlement,-400655.2
2026-09-04,BUY JNJ settlement,-290725.2
2026-09-04,BUY AAPL settlement,-214004.52
2026-09-07,BUY NVDA settlement,-416170.88
2026-09-07,SELL BAC settlement,54190.37
2026-09-07,BUY CAT settlement,-1302342.48
2026-09-07,SELL AMZN settlement,337622.76
2026-09-07,BUY KO settlement,-132120.11
2026-09-07,SELL NVDA settlement,49218.88
2026-09-07,BUY MSFT settlement,-468928.02
2026-09-07,SELL CAT settlement,70340.54
2026-09-07,BUY AMZN settlement,-244506.08
2026-09-07,BUY MSFT settlement,-332577.68
2026-09-08,BUY MSFT settlement,-130803.99
2026-09-08,BUY JPM settlement,-169513.28
2026-09-08,SELL NVDA settlement,35583.6
2026-09-08,SELL BAC settlement,21139.95
2026-09-08,SELL JPM settlement,594437.65
2026-09-08,SELL KO settlement,20422.5
2026-09-08,BUY JNJ settlement,-599357.88
2026-09-08,BUY AMZN settlement,-430856.4
2026-09-08,BUY MSFT settlement,-1620370.16
2026-09-09,BUY AMZN settlement,-305066.36
2026-09-09,BUY AMZN settlement,-243391.2
2026-09-09,BUY CAT settlement,-1404548.4
2026-09-09,BUY AMZN settlement,-221287.2
2026-09-10,SELL JNJ settlement,112423.01
2026-09-10,SELL JPM settlement,320880.15
2026-09-10,BUY MSFT settlement,-480275.62
2026-09-10,BUY CAT settlement,-1071030.3
2026-09-10,BUY MSFT settlement,-1453866.18
2026-09-10,BUY CAT settlement,-894885.68
2026-09-10,SELL NVDA settlement,96958.56
2026-09-10,SELL NVDA settlement,376659.52
2026-09-10,BUY MSFT settlement,-423656.1
2026-09-11,BUY NVDA settlement,-322638.66
2026-09-11,BUY AAPL settlement,-350645.12
2026-09-11,SELL NVDA settlement,163425.5
2026-09-11,BUY AAPL settlement,-317928.8
2026-09-11,BUY BAC settlement,-55442.01
2026-09-11,BUY XOM settlement,-67996.44
2026-09-11,SELL AMZN settlement,18646.06
2026-09-11,SELL NVDA settlement,411132.08
2026-09-14,SELL CAT settlement,801163.88
2026-09-14,BUY KO settlement,-178149.0
2026-09-14,BUY AAPL settlement,-497649.81
2026-09-14,BUY KO settlement,-157433.85
2026-09-14,BUY JNJ settlement,-636997.92
2026-09-14,BUY AAPL settlement,-753702.84
2026-09-15,BUY KO settlement,-45681.79
2026-09-15,SELL MSFT settlement,515636.64
2026-09-15,BUY AAPL settlement,-747686.72
2026-09-15,SELL AAPL settlement,44967.76
2026-09-15,SELL AAPL settlement,482606.67
2026-09-15,KO cash dividend,4250.0
2026-09-15,SELL AAPL settlement,23249.07
2026-09-15,BUY XOM settlement,-128067.94
2026-09-15,SELL BAC settlement,115931.76
2026-09-15,SELL BAC settlement,25609.56
2026-09-15,SELL AAPL settlement,182386.64
2026-09-15,SELL JNJ settlement,127486.56
2026-09-16,BUY AAPL settlement,-47226.44
2026-09-16,BUY MSFT settlement,-1406078.08
2026-09-16,BUY NVDA settlement,-411829.08
2026-09-16,BUY MSFT settlement,-521975.52
2026-09-16,BUY XOM settlement,-69117.24
2026-09-16,BUY XOM settlement,-136000.44
2026-09-16,SELL KO settlement,136100.4
2026-09-17,BUY JPM settlement,-810945.72
2026-09-17,BUY JNJ settlement,-31690.84
2026-09-17,BUY XOM settlement,-379053.51
2026-09-17,BUY BAC settlement,-51866.62
2026-09-17,BUY AAPL settlement,-625609.71
2026-09-17,SELL NVDA settlement,73495.74
2026-09-17,SELL JNJ settlement,518776.17
2026-09-17,BUY MSFT settlement,-1391432.64
2026-09-17,BUY MSFT settlement,-543354.89
2026-09-17,BUY JNJ settlement,-177628.11
2026-09-18,BUY BAC settlement,-35818.56
2026-09-18,BUY AAPL settlement,-155856.26
2026-09-18,SELL KO settlement,208374.6
2026-09-18,BUY BAC settlement,-79367.94
2026-09-18,SELL XOM settlement,184531.04
2026-09-18,SELL BAC settlement,124471.5
2026-09-21,BUY JPM settlement,-376985.52
2026-09-21,BUY XOM settlement,-353885.77
2026-09-21,BUY AMZN settlement,-298112.8
2026-09-21,BUY XOM settlement,-158883.62
2026-09-21,SELL XOM settlement,352277.18
2026-09-21,SELL AAPL settlement,493164.0
2026-09-21,SELL XOM settlement,68712.84
2026-09-21,SELL MSFT settlement,808329.92
2026-09-21,BUY JNJ settlement,-49008.6
2026-09-22,BUY XOM settlement,-372486.4
2026-09-22,SELL AMZN settlement,430690.7
2026-09-22,SELL AMZN settlement,630259.0
2026-09-22,BUY AAPL settlement,-413375.4
2026-09-22,SELL MSFT settlement,86674.62
2026-09-22,BUY MSFT settlement,-264325.56
2026-09-22,BUY NVDA settlement,-338173.36
2026-09-22,SELL KO settlement,219712.32
2026-09-22,SELL KO settlement,96133.52
2026-09-22,BUY BAC settlement,-145396.58
2026-09-23,SELL AAPL settlement,835157.34
2026-09-23,SELL NVDA settlement,452232.5
2026-09-23,SELL JNJ settlement,492179.1
2026-09-23,BUY MSFT settlement,-569774.4
2026-09-23,BUY AMZN settlement,-673337.47
2026-09-23,BUY MSFT settlement,-169432.2
2026-09-23,SELL BAC settlement,47435.74
2026-09-23,BUY AAPL settlement,-881522.78
2026-09-24,SELL JNJ settlement,279247.68
2026-09-24,BUY JPM settlement,-62163.99
2026-09-24,BUY BAC settlement,-121072.1
2026-09-24,BUY JPM settlement,-268881.21
2026-09-24,BUY AAPL settlement,-537688.71
2026-09-24,BUY AAPL settlement,-288442.05
2026-09-24,BUY KO settlement,-20464.17
2026-09-24,SELL JNJ settlement,399417.36
2026-09-24,BUY KO settlement,-201239.99
2026-09-25,BUY JPM settlement,-212514.0
2026-09-25,BUY MSFT settlement,-42623.41
2026-09-25,BUY AAPL settlement,-179106.32
2026-09-25,SELL JNJ settlement,483554.12
2026-09-25,BUY AAPL settlement,-911784.51
2026-09-25,BUY JNJ settlement,-397084.5
2026-09-28,SELL AAPL settlement,789668.36
2026-09-28,BUY CAT settlement,-627286.32
2026-09-28,BUY AMZN settlement,-350969.14
2026-09-28,SELL BAC settlement,83308.2
2026-09-28,BUY NVDA settlement,-462579.32
2026-09-28,SELL XOM settlement,309895.47
2026-09-28,SELL XOM settlement,11869.23
2026-09-28,BUY CAT settlement,-139737.64
2026-09-28,BUY JNJ settlement,-609015.42
2026-09-28,SELL JNJ settlement,92447.16
2026-09-28,BUY AAPL settlement,-714744.06
2026-09-28,SELL JNJ settlement,455217.64
2026-09-28,SELL JNJ settlement,77505.5
2026-09-29,SELL AAPL settlement,542854.8
2026-09-29,BUY MSFT settlement,-537910.62
2026-09-29,BUY MSFT settlement,-613077.64
2026-09-29,SELL NVDA settlement,159705.26
2026-09-29,SELL AAPL settlement,886858.44
2026-09-29,SELL CAT settlement,496837.04
2026-09-29,SELL JPM settlement,291912.32
2026-09-29,SELL JPM settlement,40865.06
2026-09-29,SELL NVDA settlement,175442.7
2026-09-29,SELL MSFT settlement,355662.0
2026-09-29,SELL XOM settlement,58700.1
2026-09-29,BUY AMZN settlement,-673714.87
2026-09-29,SELL XOM settlement,364346.88
2026-09-29,SELL XOM settlement,23166.02
2026-09-29,BUY AAPL settlement,-372209.12
2026-09-30,SELL XOM settlement,144650.22
2026-09-30,SELL KO settlement,229885.95
2026-09-30,SELL MSFT settlement,131774.91
2026-09-30,BUY KO settlement,-139337.0
2026-09-30,SELL CAT settlement,995475.04
2026-09-30,SELL MSFT settlement,339378.48
2026-09-30,BUY CAT settlement,-112213.62
2026-09-30,SELL JPM settlement,710565.57
