broker_ref,client_ref,trade_date,settle_date,symbol,side,quantity,price,commission,net_amount
BRK9114,CR00009,2026-09-21,2026-09-22,BAC,BUY,3400,42.7537,34.0,-145396.58
BRK9085,CR00180,2026-09-16,2026-09-17,MSFT,BUY,1300,417.9553,13.0,-543354.89
BRK9097,CR00085,2026-09-17,2026-09-18,BAC,BUY,1900,41.7626,19.0,-79367.94
BRK9162,CR00024,2026-09-28,2026-09-29,NVDA,SELL,1500,116.9718,15.0,175442.7
BRK9035,CR00008,2026-09-07,2026-09-08,JPM,SELL,2900,204.9885,29.0,594437.65
BRK9054,CR00041,2026-09-10,2026-09-11,XOM,BUY,600,113.3174,6.0,-67996.44
BRK9124,CR00098,2026-09-22,2026-09-23,NVDA,SELL,3700,122.235,37.0,452232.5
BRK9019,CR00051,2026-09-03,2026-09-04,NVDA,SELL,2500,120.2231,25.0,300532.75
BRK9108,CR00004,2026-09-18,2026-09-21,JPM,BUY,1800,209.4264,18.0,-376985.52
BRK9125,CR00107,2026-09-22,2026-09-23,MSFT,BUY,1300,438.278,13.0,-569774.4
BRK9116,CR00053,2026-09-21,2026-09-22,AMZN,SELL,3500,180.084,35.0,630259.0
BRK9105,CR00117,2026-09-18,2026-09-21,AMZN,BUY,1600,186.3105,16.0,-298112.8
BRK9011,CR00034,2026-09-02,2026-09-03,MSFT,BUY,2100,452.0978,21.0,-949426.38
BRK9081,CR00023,2026-09-15,2026-09-16,NVDA,BUY,3400,121.1162,34.0,-411829.08
BRK9004,CR00097,2026-09-01,2026-09-02,KO,SELL,1400,66.8099,14.0,93519.86
BRK9132,CR00050,2026-09-23,2026-09-24,AAPL,BUY,2300,233.7677,23.0,-537688.71
BRK9014,CR00166,2026-09-02,2026-09-03,JNJ,BUY,2600,159.4289,26.0,-414541.14
BRK9118,CR00021,2026-09-21,2026-09-22,XOM,BUY,3200,116.392,32.0,-372486.4
BRK9029,CR00172,2026-09-04,2026-09-07,MSFT,BUY,800,415.7121,8.0,-332577.68
BRK9179,CR00151,2026-09-29,2026-09-30,XOM,SELL,1300,111.2794,13.0,144650.22
BRK9084,CR00109,2026-09-16,2026-09-17,JNJ,BUY,1100,161.47,11.0,-177628.11
BRK9042,CR00178,2026-09-08,2026-09-09,AMZN,BUY,1200,184.396,12.0,-221287.2
BRK9051,CR00138,2026-09-09,2026-09-10,JPM,SELL,1500,213.9301,15.0,320880.15
BRK9106,CR00013,2026-09-18,2026-09-21,XOM,BUY,1400,113.4783,14.0,-158883.62
BRK9053,CR00089,2026-09-10,2026-09-11,AMZN,SELL,100,186.4706,1.0,18646.06
BRK9040,CR00163,2026-09-08,2026-09-09,AMZN,BUY,1300,187.214,13.0,-243391.2
BRK9048,CR00073,2026-09-09,2026-09-10,CAT,BUY,3000,357.0001,30.0,-1071030.3
BRK9066,CR00130,2026-09-14,2026-09-15,AAPL,SELL,800,227.9933,8.0,182386.64
BRK9073,CR00150,2026-09-14,2026-09-15,MSFT,SELL,1200,429.7072,12.0,515636.64
BRK9031,CR00075,2026-09-07,2026-09-08,JNJ,BUY,3600,166.4783,36.0,-599357.88
BRK9016,CR00154,2026-09-03,2026-09-04,AMZN,BUY,2200,182.106,22.0,-400655.2
BRK9095,CR00164,2026-09-17,2026-09-18,AAPL,BUY,700,222.6418,7.0,-155856.26
BRK9056,CR00092,2026-09-10,2026-09-11,AAPL,BUY,1400,227.082,14.0,-317928.8
BRK9093,CR00127,2026-09-16,2026-09-17,JPM,BUY,3900,207.9248,39.0,-810945.72
BRK9005,CR00094,2026-09-01,2026-09-02,MSFT,SELL,2800,429.6168,28.0,1202899.04
BRK9099,CR00114,2026-09-17,2026-09-18,BAC,SELL,3000,41.5005,30.0,124471.5
BRK9154,CR00125,2026-09-25,2026-09-28,AMZN,BUY,1900,184.7106,19.0,-350969.14
BRK9047,CR00143,2026-09-09,2026-09-10,MSFT,BUY,1000,423.6461,10.0,-423656.1
BRK9128,CR00040,2026-09-23,2026-09-24,KO,BUY,2900,69.3831,29.0,-201239.99
BRK9173,CR00160,2026-09-29,2026-09-30,MSFT,SELL,300,439.2597,3.0,131774.91
BRK9166,CR00084,2026-09-28,2026-09-29,CAT,SELL,1400,354.8936,14.0,496837.04
BRK9090,CR00136,2026-09-16,2026-09-17,BAC,BUY,1300,39.8874,13.0,-51866.62
BRK9058,CR00158,2026-09-10,2026-09-11,NVDA,SELL,1400,116.7425,14.0,163425.5
BRK9102,CR00029,2026-09-18,2026-09-21,XOM,SELL,600,114.5314,6.0,68712.84
BRK9039,CR00048,2026-09-08,2026-09-09,AMZN,BUY,1700,179.4408,17.0,-305066.36
BRK9155,CR00025,2026-09-25,2026-09-28,CAT,BUY,1800,348.4824,18.0,-627286.32
BRK9044,CR00078,2026-09-09,2026-09-10,NVDA,SELL,800,121.2082,8.0,96958.56
BRK9175,CR00076,2026-09-29,2026-09-30,CAT,SELL,2800,355.5368,28.0,995475.04
BRK9033,CR00141,2026-09-07,2026-09-08,MSFT,BUY,3800,426.4032,38.0,-1620370.16
BRK9018,CR00038,2026-09-03,2026-09-04,JPM,SELL,2300,203.9102,23.0,468970.46
BRK9059,,2026-09-10,2026-09-11,AAPL,BUY,1600,219.1432,16.0,-350645.12
BRK9150,CR00057,2026-09-25,2026-09-28,JNJ,SELL,500,155.021,5.0,77505.5
BRK9160,CR00019,2026-09-28,2026-09-29,XOM,SELL,500,117.4102,5.0,58700.1
BRK9151,CR00010,2026-09-25,2026-09-28,NVDA,BUY,3800,121.7214,38.0,-462579.32
BRK9012,CR00118,2026-09-02,2026-09-03,JPM,SELL,600,212.2807,6.0,127362.42
BRK9091,CR00139,2026-09-16,2026-09-17,XOM,BUY,3300,114.8547,33.0,-379053.51
BRK9094,CR00173,2026-09-17,2026-09-18,BAC,BUY,900,39.7884,9.0,-35818.56
BRK9028,CR00174,2026-09-04,2026-09-07,AMZN,BUY,1300,188.0716,13.0,-244506.08
BRK9145,,2026-09-25,2026-09-28,AAPL,BUY,3100,230.5526,31.0,-714744.06
BRK9138,CR00035,2026-09-24,2026-09-25,JPM,BUY,1000,212.504,10.0,-212514.0
BRK9113,CR00112,2026-09-21,2026-09-22,MSFT,SELL,200,433.3831,2.0,86674.62
BRK9069,CR00175,2026-09-14,2026-09-15,XOM,BUY,1100,116.4154,11.0,-128067.94
BRK9017,CR00133,2026-09-03,2026-09-04,AAPL,BUY,900,237.7728,9.0,-214004.52
BRK9149,CR00105,2026-09-25,2026-09-28,XOM,SELL,100,118.7023,1.0,11869.23
BRK9089,CR00077,2026-09-16,2026-09-17,AAPL,BUY,2700,231.6973,27.0,-625609.71
BRK9168,CR00144,2026-09-28,2026-09-29,NVDA,SELL,1300,122.8602,13.0,159705.26
BRK9013,CR00081,2026-09-02,2026-09-03,KO,BUY,2000,68.3584,20.0,-136736.8
BRK9107,CR00088,2026-09-18,2026-09-21,XOM,BUY,3100,114.1467,31.0,-353885.77
BRK9045,CR00122,2026-09-09,2026-09-10,MSFT,BUY,3400,427.5977,34.0,-1453866.18
BRK9078,CR00137,2026-09-15,2026-09-16,XOM,BUY,1200,113.3237,12.0,-136000.44
BRK9036,CR00064,2026-09-07,2026-09-08,MSFT,BUY,300,436.0033,3.0,-130803.99
BRK9163,CR00159,2026-09-28,2026-09-29,JPM,SELL,200,204.3353,2.0,40865.06
BRK9169,CR00037,2026-09-28,2026-09-29,MSFT,BUY,1400,437.9026,14.0,-613077.64
BRK9137,CR00129,2026-09-23,2026-09-24,JNJ,SELL,1800,155.1476,18.0,279247.68
BRK9178,CR00121,2026-09-29,2026-09-30,JPM,SELL,3300,215.3329,33.0,710565.57
BRK9119,CR00131,2026-09-22,2026-09-23,BAC,SELL,1100,43.1334,11.0,47435.74
BRK9075,CR00168,2026-09-14,2026-09-15,AAPL,SELL,200,224.8488,2.0,44967.76
BRK9021,CR00132,2026-09-04,2026-09-07,BAC,SELL,1300,41.6949,13.0,54190.37
BRK9171,CR00147,2026-09-28,2026-09-29,AAPL,SELL,2400,226.1995,24.0,542854.8
BRK9002,CR00012,2026-09-01,2026-09-02,CAT,BUY,2400,361.7823,24.0,-868301.52
BRK9070,CR00058,2026-09-14,2026-09-15,AAPL,SELL,100,232.5007,1.0,23249.07
BRK9134,,2026-09-23,2026-09-24,BAC,BUY,2900,41.739,29.0,-121072.1
BRK9006,CR00014,2026-09-01,2026-09-02,AMZN,BUY,3500,186.9529,35.0,-654370.15
BRK9164,CR00063,2026-09-28,2026-09-29,XOM,SELL,200,115.8401,2.0,23166.02
BRK9000,CR00043,2026-09-01,2026-09-02,AMZN,SELL,1100,177.8824,11.0,195659.64
BRK9157,CR00002,2026-09-28,2026-09-29,AAPL,BUY,1600,232.6207,16.0,-372209.12
BRK9077,CR00056,2026-09-15,2026-09-16,KO,SELL,2000,68.0602,20.0,136100.4
BRK9065,CR00039,2026-09-11,2026-09-14,CAT,SELL,2200,364.18,22.0,801163.88
BRK9055,CR00052,2026-09-10,2026-09-11,NVDA,SELL,3400,120.9312,34.0,411132.08
BRK9110,CR00128,2026-09-21,2026-09-22,KO,SELL,3200,68.6701,32.0,219712.32
BRK9088,CR00011,2026-09-16,2026-09-17,NVDA,SELL,600,122.5029,6.0,73495.74
BRK9112,CR00001,2026-09-21,2026-09-22,MSFT,BUY,600,440.5326,6.0,-264325.56
BRK9046,CR00106,2026-09-09,2026-09-10,CAT,BUY,2600,344.1768,26.0,-894885.68
BRK9062,CR00179,2026-09-11,2026-09-14,KO,BUY,2300,68.4395,23.0,-157433.85
BRK9074,CR00170,2026-09-14,2026-09-15,KO,BUY,700,65.2497,7.0,-45681.79
BRK9092,CR00031,2026-09-16,2026-09-17,JNJ,BUY,200,158.4442,2.0,-31690.84
BRK9147,CR00124,2026-09-25,2026-09-28,JNJ,BUY,3900,156.1478,39.0,-609015.42
BRK9117,CR00093,2026-09-21,2026-09-22,AMZN,SELL,2200,195.7785,22.0,430690.7
BRK9120,CR00049,2026-09-22,2026-09-23,MSFT,BUY,400,423.5705,4.0,-169432.2
BRK9126,CR00165,2026-09-22,2026-09-23,AAPL,SELL,3700,225.7282,37.0,835157.34
BRK9122,CR00022,2026-09-22,2026-09-23,AAPL,BUY,3700,238.2394,37.0,-881522.78
BRK9010,CR00102,2026-09-02,2026-09-03,AAPL,SELL,500,217.1552,5.0,108572.6
BRK9034,CR00176,2026-09-07,2026-09-08,BAC,SELL,500,42.2899,5.0,21139.95
BRK9032,CR00033,2026-09-07,2026-09-08,KO,SELL,300,68.085,3.0,20422.5
BRK9167,CR00148,2026-09-28,2026-09-29,AAPL,SELL,3800,233.3938,38.0,886858.44
BRK9038,CR00108,2026-09-07,2026-09-08,JPM,BUY,800,211.8816,8.0,-169513.28
BRK9083,CR00087,2026-09-15,2026-09-16,AAPL,BUY,200,236.1222,2.0,-47226.44
BRK9140,CR00016,2026-09-24,2026-09-25,AAPL,BUY,800,223.8729,8.0,-179106.32
BRK_DUP1,CR00064,2026-09-07,2026-09-08,MSFT,BUY,300,436.0033,3.0,-130803.99
BRK9027,CR00091,2026-09-04,2026-09-07,CAT,SELL,200,351.7127,2.0,70340.54
BRK9100,CR00140,2026-09-18,2026-09-21,AAPL,SELL,2100,234.85,21.0,493164.0
BRK9023,CR00071,2026-09-04,2026-09-07,AMZN,SELL,1800,187.5782,18.0,337622.76
BRK9103,CR00111,2026-09-18,2026-09-21,XOM,SELL,3100,113.6478,31.0,352277.18
BRK9067,CR00005,2026-09-14,2026-09-15,BAC,SELL,600,42.6926,6.0,25609.56
BRK9009,CR00065,2026-09-02,2026-09-03,BAC,BUY,2200,42.0752,22.0,-92587.44
BRK9153,CR00030,2026-09-25,2026-09-28,XOM,SELL,2700,114.7861,27.0,309895.47
BRK9104,CR00074,2026-09-18,2026-09-21,JNJ,BUY,300,163.352,3.0,-49008.6
BRK9123,CR00096,2026-09-22,2026-09-23,JNJ,SELL,3000,164.0697,30.0,492179.1
BRK9176,CR00007,2026-09-29,2026-09-30,MSFT,SELL,800,424.2331,8.0,339378.48
BRK9156,CR00020,2026-09-25,2026-09-28,AAPL,SELL,3400,232.2654,34.0,789668.36
BRK9087,CR00006,2026-09-16,2026-09-17,JNJ,SELL,3300,157.2149,33.0,518776.17
BRK9098,CR00083,2026-09-17,2026-09-18,XOM,SELL,1600,115.3419,16.0,184531.04
BRK9111,CR00142,2026-09-21,2026-09-22,NVDA,BUY,2800,120.7662,28.0,-338173.36
BRK9170,CR00134,2026-09-28,2026-09-29,MSFT,BUY,1300,413.7674,13.0,-537910.62
BRK9161,CR00167,2026-09-28,2026-09-29,MSFT,SELL,800,444.5875,8.0,355662.0
BRK9064,CR00100,2026-09-11,2026-09-14,AAPL,BUY,3300,228.3848,33.0,-753702.84
BRK9015,CR00082,2026-09-03,2026-09-04,JNJ,BUY,1800,161.504,18.0,-290725.2
BRK9082,CR00068,2026-09-15,2026-09-16,MSFT,BUY,3200,439.3894,32.0,-1406078.08
BRK9041,CR00032,2026-09-08,2026-09-09,CAT,BUY,3800,369.608,38.0,-1404548.4
BRK9174,CR00079,2026-09-29,2026-09-30,KO,BUY,2000,69.6585,20.0,-139337.0
BRK9109,CR00157,2026-09-21,2026-09-22,KO,SELL,1400,68.6768,14.0,96133.52
BRK9080,CR00044,2026-09-15,2026-09-16,MSFT,BUY,1200,434.9696,12.0,-521975.52
BRK9052,CR00110,2026-09-10,2026-09-11,BAC,BUY,1300,42.6377,13.0,-55442.01
BRK9026,CR00080,2026-09-04,2026-09-07,MSFT,BUY,1100,426.2882,11.0,-468928.02
BRK9076,CR00062,2026-09-14,2026-09-15,AAPL,BUY,3200,233.6421,32.0,-747686.72
BRK9043,CR00156,2026-09-09,2026-09-10,NVDA,SELL,3200,117.7161,32.0,376659.52
BRK9024,CR00155,2026-09-04,2026-09-07,KO,BUY,1900,69.5269,19.0,-132120.11
BRK9003,CR00099,2026-09-01,2026-09-02,NVDA,SELL,3300,119.9033,33.0,395647.89
BRK9152,CR00061,2026-09-25,2026-09-28,BAC,SELL,2000,41.6641,20.0,83308.2
BRK9049,CR00169,2026-09-09,2026-09-10,MSFT,BUY,1100,436.6042,11.0,-480275.62
BRK9133,CR00069,2026-09-23,2026-09-24,KO,BUY,300,68.2,3.0,-20464.17
BRK9172,CR00152,2026-09-29,2026-09-30,KO,SELL,3500,65.6917,35.0,229885.95
BRK9030,CR00123,2026-09-07,2026-09-08,AMZN,BUY,2400,179.5135,24.0,-430856.4
BRK9121,CR00046,2026-09-22,2026-09-23,AMZN,BUY,3700,181.9731,37.0,-673337.47
BRK9115,CR00101,2026-09-21,2026-09-22,AAPL,BUY,1800,229.643,18.0,-413375.4
BRK9165,CR00072,2026-09-28,2026-09-29,JPM,SELL,1400,208.5188,14.0,291912.32
BRK9008,CR00027,2026-09-02,2026-09-03,MSFT,SELL,3300,425.0554,33.0,1402649.82
BRK9060,,2026-09-11,2026-09-14,KO,BUY,2500,71.2496,25.0,-178149.0
BRK9130,CR00045,2026-09-23,2026-09-24,JNJ,SELL,2400,166.4339,24.0,399417.36
BRK9001,CR00104,2026-09-01,2026-09-02,BAC,BUY,3000,39.9212,30.0,-119793.6
BRK9057,CR00103,2026-09-10,2026-09-11,NVDA,BUY,2700,119.4858,27.0,-322638.66
BRK9022,CR00146,2026-09-04,2026-09-07,CAT,BUY,3600,361.7518,36.0,-1302342.48
BRK9061,CR00026,2026-09-11,2026-09-14,AAPL,BUY,2100,236.9661,21.0,-497649.81
BRK9063,CR00149,2026-09-11,2026-09-14,JNJ,BUY,3900,163.3228,39.0,-636997.92
BRK9007,CR00070,2026-09-01,2026-09-02,KO,SELL,3400,68.7787,34.0,233813.58
BRK9177,CR00177,2026-09-29,2026-09-30,CAT,BUY,300,374.0354,3.0,-112213.62
BRK9143,CR00162,2026-09-24,2026-09-25,JNJ,BUY,2500,158.8238,25.0,-397084.5
BRK9086,CR00047,2026-09-16,2026-09-17,MSFT,BUY,3200,434.8127,32.0,-1391432.64
BRK9096,CR00161,2026-09-17,2026-09-18,KO,SELL,3000,69.4682,30.0,208374.6
BRK9068,CR00066,2026-09-14,2026-09-15,BAC,SELL,2800,41.4142,28.0,115931.76
BRK9050,CR00036,2026-09-09,2026-09-10,JNJ,SELL,700,160.6143,7.0,112423.01
BRK9144,CR00067,2026-09-25,2026-09-28,JNJ,SELL,2900,156.9816,29.0,455217.64
BRK9159,CR00171,2026-09-28,2026-09-29,AMZN,BUY,3700,182.0751,37.0,-673714.87
BRK9158,CR00116,2026-09-28,2026-09-29,XOM,SELL,3200,113.8684,32.0,364346.88
BRK9141,CR00145,2026-09-24,2026-09-25,JNJ,SELL,3100,155.9952,31.0,483554.12
BRK9148,CR00126,2026-09-25,2026-09-28,CAT,BUY,400,349.3341,4.0,-139737.64
BRK9101,CR00120,2026-09-18,2026-09-21,MSFT,SELL,1900,425.4468,19.0,808329.92
BRK9020,CR00059,2026-09-04,2026-09-07,NVDA,BUY,3400,122.3932,34.0,-416170.88
BRK9025,CR00153,2026-09-04,2026-09-07,NVDA,SELL,400,123.0572,4.0,49218.88
BRK9136,CR00095,2026-09-23,2026-09-24,JPM,BUY,1300,206.8217,13.0,-268881.21
BRK9071,,2026-09-14,2026-09-15,JNJ,SELL,800,159.3682,8.0,127486.56
BRK9131,CR00017,2026-09-23,2026-09-24,AAPL,BUY,1300,221.8685,13.0,-288442.05
BRK9146,CR00003,2026-09-25,2026-09-28,JNJ,SELL,600,154.0886,6.0,92447.16
BRK9079,CR00060,2026-09-15,2026-09-16,XOM,BUY,600,115.1854,6.0,-69117.24
BRK9135,CR00086,2026-09-23,2026-09-24,JPM,BUY,300,207.2033,3.0,-62163.99
BRK9139,CR00018,2026-09-24,2026-09-25,MSFT,BUY,100,426.2241,1.0,-42623.41
BRK9072,CR00119,2026-09-14,2026-09-15,AAPL,SELL,2100,229.8227,21.0,482606.67
BRK9142,CR00015,2026-09-24,2026-09-25,AAPL,BUY,3900,233.7809,39.0,-911784.51
BRK9037,CR00055,2026-09-07,2026-09-08,NVDA,SELL,300,118.622,3.0,35583.6
