trade_id,client_ref,trade_date,settle_date,account,symbol,side,quantity,price,commission,net_amount
T0043,CR00043,2026-09-01,2026-09-02,FUND01,AMZN,SELL,1100,177.8824,11.0,195659.64
T0104,CR00104,2026-09-01,2026-09-02,FUND01,BAC,BUY,3000,39.9212,30.0,-119793.6
T0012,CR00012,2026-09-01,2026-09-02,FUND01,CAT,BUY,2400,361.7823,24.0,-868301.52
T0099,CR00099,2026-09-01,2026-09-02,FUND01,NVDA,SELL,3300,119.9033,33.0,395647.89
T0097,CR00097,2026-09-01,2026-09-02,FUND01,KO,SELL,1400,66.8099,14.0,93519.86
T0094,CR00094,2026-09-01,2026-09-02,FUND01,MSFT,SELL,2800,429.6168,28.0,1202899.04
T0014,CR00014,2026-09-01,2026-09-02,FUND01,AMZN,BUY,3500,186.9529,35.0,-654370.15
T0070,CR00070,2026-09-01,2026-09-02,FUND01,KO,SELL,3400,68.7787,34.0,233813.58
T0027,CR00027,2026-09-02,2026-09-03,FUND01,MSFT,SELL,3300,425.0554,33.0,1402649.82
T0065,CR00065,2026-09-02,2026-09-03,FUND01,BAC,BUY,2200,42.0752,22.0,-92587.44
T0102,CR00102,2026-09-02,2026-09-03,FUND01,AAPL,SELL,500,217.1552,5.0,108572.6
T0034,CR00034,2026-09-02,2026-09-03,FUND01,MSFT,BUY,2100,452.0978,21.0,-949426.38
T0118,CR00118,2026-09-02,2026-09-03,FUND01,JPM,SELL,600,212.2807,6.0,127362.42
T0081,CR00081,2026-09-02,2026-09-03,FUND01,KO,BUY,2000,68.3584,40.0,-136756.8
T0166,CR00166,2026-09-02,2026-09-03,FUND01,JNJ,BUY,2600,159.4289,26.0,-414541.14
T0082,CR00082,2026-09-03,2026-09-04,FUND01,JNJ,BUY,1800,161.504,18.0,-290725.2
T0154,CR00154,2026-09-03,2026-09-04,FUND01,AMZN,BUY,2200,182.106,22.0,-400655.2
T0133,CR00133,2026-09-03,2026-09-04,FUND01,AAPL,BUY,900,237.7728,9.0,-214004.52
T0038,CR00038,2026-09-03,2026-09-04,FUND01,JPM,SELL,2300,203.9102,23.0,468970.46
T0051,CR00051,2026-09-03,2026-09-04,FUND01,NVDA,SELL,2500,120.2231,25.0,300532.75
T0059,CR00059,2026-09-04,2026-09-07,FUND01,NVDA,BUY,3400,122.3932,34.0,-416170.88
T0132,CR00132,2026-09-04,2026-09-07,FUND01,BAC,SELL,1300,41.6949,13.0,54190.37
T0146,CR00146,2026-09-04,2026-09-07,FUND01,CAT,BUY,3600,361.7518,36.0,-1302342.48
T0071,CR00071,2026-09-04,2026-09-07,FUND01,AMZN,SELL,1800,187.5782,18.0,337622.76
T0155,CR00155,2026-09-04,2026-09-07,FUND01,KO,BUY,1900,69.5269,19.0,-132120.11
T0153,CR00153,2026-09-04,2026-09-07,FUND01,NVDA,SELL,400,123.0572,4.0,49218.88
T0080,CR00080,2026-09-04,2026-09-07,FUND01,MSFT,BUY,1100,426.2882,11.0,-468928.02
T0091,CR00091,2026-09-04,2026-09-07,FUND01,CAT,SELL,200,351.7127,2.0,70340.54
T0174,CR00174,2026-09-04,2026-09-07,FUND01,AMZN,BUY,1300,188.0716,13.0,-244506.08
T0172,CR00172,2026-09-04,2026-09-07,FUND01,MSFT,BUY,800,415.7121,8.0,-332577.68
T0123,CR00123,2026-09-07,2026-09-08,FUND01,AMZN,BUY,2400,179.5135,24.0,-430856.4
T0075,CR00075,2026-09-07,2026-09-08,FUND01,JNJ,BUY,3600,166.4783,36.0,-599357.88
T0033,CR00033,2026-09-07,2026-09-08,FUND01,KO,SELL,300,68.085,3.0,20422.5
T0141,CR00141,2026-09-07,2026-09-08,FUND01,MSFT,BUY,3800,426.4032,38.0,-1620370.16
T0176,CR00176,2026-09-07,2026-09-08,FUND01,BAC,SELL,500,42.2899,5.0,21139.95
T0008,CR00008,2026-09-07,2026-09-08,FUND01,JPM,SELL,2900,204.9885,29.0,594437.65
T0064,CR00064,2026-09-07,2026-09-08,FUND01,MSFT,BUY,300,436.0033,3.0,-130803.99
T0055,CR00055,2026-09-07,2026-09-08,FUND01,NVDA,SELL,300,118.622,3.0,35583.6
T0108,CR00108,2026-09-07,2026-09-08,FUND01,JPM,BUY,800,211.8816,8.0,-169513.28
T0048,CR00048,2026-09-08,2026-09-09,FUND01,AMZN,BUY,1700,179.4408,17.0,-305066.36
T0163,CR00163,2026-09-08,2026-09-09,FUND01,AMZN,BUY,1300,187.214,13.0,-243391.2
T0032,CR00032,2026-09-08,2026-09-09,FUND01,CAT,BUY,3800,369.608,38.0,-1404548.4
T0178,CR00178,2026-09-08,2026-09-09,FUND01,AMZN,BUY,1200,184.396,12.0,-221287.2
T0156,CR00156,2026-09-09,2026-09-10,FUND01,NVDA,SELL,3200,117.7161,32.0,376659.52
T0078,CR00078,2026-09-09,2026-09-10,FUND01,NVDA,SELL,800,121.2082,8.0,96958.56
T0122,CR00122,2026-09-09,2026-09-10,FUND01,MSFT,BUY,3400,427.5977,34.0,-1453866.18
T0106,CR00106,2026-09-09,2026-09-10,FUND01,CAT,BUY,2600,344.1768,26.0,-894885.68
T0143,CR00143,2026-09-09,2026-09-10,FUND01,MSFT,BUY,1000,423.6461,10.0,-423656.1
T0073,CR00073,2026-09-09,2026-09-10,FUND01,CAT,BUY,3000,357.0001,30.0,-1071030.3
T0169,CR00169,2026-09-09,2026-09-10,FUND01,MSFT,BUY,1100,436.6042,11.0,-480275.62
T0036,CR00036,2026-09-09,2026-09-10,FUND01,JNJ,SELL,700,160.6143,7.0,112423.01
T0138,CR00138,2026-09-09,2026-09-10,FUND01,JPM,SELL,1500,213.9301,15.0,320880.15
T0110,CR00110,2026-09-10,2026-09-11,FUND01,BAC,BUY,1300,42.6377,13.0,-55442.01
T0089,CR00089,2026-09-10,2026-09-11,FUND01,AMZN,SELL,100,186.4706,1.0,18646.06
T0041,CR00041,2026-09-10,2026-09-11,FUND01,XOM,BUY,600,113.3174,6.0,-67996.44
T0052,CR00052,2026-09-10,2026-09-11,FUND01,NVDA,SELL,3400,120.9312,34.0,411132.08
T0092,CR00092,2026-09-10,2026-09-11,FUND01,AAPL,BUY,1400,227.082,14.0,-317928.8
T0103,CR00103,2026-09-10,2026-09-11,FUND01,NVDA,BUY,2700,119.4858,27.0,-322638.66
T0158,CR00158,2026-09-10,2026-09-11,FUND01,NVDA,SELL,1400,116.7425,14.0,163425.5
T0115,CR00115,2026-09-10,2026-09-11,FUND01,AAPL,BUY,1600,219.1432,16.0,-350645.12
T0026,CR00026,2026-09-11,2026-09-14,FUND01,AAPL,BUY,2100,236.9661,21.0,-497649.81
T0179,CR00179,2026-09-11,2026-09-14,FUND01,KO,BUY,2300,68.4395,23.0,-157433.85
T0149,CR00149,2026-09-11,2026-09-14,FUND01,JNJ,BUY,3900,163.3228,39.0,-636997.92
T0100,CR00100,2026-09-11,2026-09-14,FUND01,AAPL,BUY,3300,228.3848,33.0,-753702.84
T0039,CR00039,2026-09-11,2026-09-14,FUND01,CAT,SELL,2200,364.1754,22.0,801163.88
T0130,CR00130,2026-09-14,2026-09-15,FUND01,AAPL,SELL,800,227.9933,8.0,182386.64
T0005,CR00005,2026-09-14,2026-09-15,FUND01,BAC,BUY,600,42.6926,6.0,-25621.56
T0066,CR00066,2026-09-14,2026-09-15,FUND01,BAC,SELL,2800,41.4142,28.0,115931.76
T0175,CR00175,2026-09-14,2026-09-15,FUND01,XOM,BUY,1100,116.4154,11.0,-128067.94
T0058,CR00058,2026-09-14,2026-09-15,FUND01,AAPL,SELL,100,232.5007,1.0,23249.07
T0054,CR00054,2026-09-14,2026-09-15,FUND01,JNJ,SELL,800,159.3682,8.0,127486.56
T0119,CR00119,2026-09-14,2026-09-15,FUND01,AAPL,SELL,2100,229.8227,21.0,482606.67
T0150,CR00150,2026-09-14,2026-09-15,FUND01,MSFT,SELL,1200,429.7072,12.0,515636.64
T0170,CR00170,2026-09-14,2026-09-15,FUND01,KO,BUY,700,65.2497,7.0,-45681.79
T0168,CR00168,2026-09-14,2026-09-15,FUND01,AAPL,SELL,200,224.8488,2.0,44967.76
T0062,CR00062,2026-09-14,2026-09-15,FUND01,AAPL,BUY,3200,233.6421,32.0,-747686.72
T0056,CR00056,2026-09-15,2026-09-16,FUND01,KO,SELL,2000,68.0602,20.0,136100.4
T0137,CR00137,2026-09-15,2026-09-16,FUND01,XOM,BUY,1200,113.3237,12.0,-136000.44
T0060,CR00060,2026-09-15,2026-09-16,FUND01,XOM,BUY,600,115.1854,6.0,-69117.24
T0044,CR00044,2026-09-15,2026-09-16,FUND01,MSFT,BUY,1200,434.9696,12.0,-521975.52
T0023,CR00023,2026-09-15,2026-09-16,FUND01,NVDA,BUY,3400,121.1162,34.0,-411829.08
T0068,CR00068,2026-09-15,2026-09-16,FUND01,MSFT,BUY,3200,439.3894,32.0,-1406078.08
T0087,CR00087,2026-09-15,2026-09-16,FUND01,AAPL,BUY,200,236.1222,2.0,-47226.44
T0109,CR00109,2026-09-16,2026-09-17,FUND01,JNJ,BUY,1100,161.4701,11.0,-177628.11
T0180,CR00180,2026-09-16,2026-09-17,FUND01,MSFT,BUY,1300,417.9553,13.0,-543354.89
T0047,CR00047,2026-09-16,2026-09-17,FUND01,MSFT,BUY,3200,434.8127,32.0,-1391432.64
T0006,CR00006,2026-09-16,2026-09-17,FUND01,JNJ,SELL,3300,157.2149,33.0,518776.17
T0011,CR00011,2026-09-16,2026-09-17,FUND01,NVDA,SELL,600,122.5029,6.0,73495.74
T0077,CR00077,2026-09-16,2026-09-17,FUND01,AAPL,BUY,2700,231.6973,27.0,-625609.71
T0136,CR00136,2026-09-16,2026-09-17,FUND01,BAC,BUY,1300,39.8874,13.0,-51866.62
T0139,CR00139,2026-09-16,2026-09-17,FUND01,XOM,BUY,3300,114.8547,33.0,-379053.51
T0031,CR00031,2026-09-16,2026-09-17,FUND01,JNJ,BUY,200,158.4442,2.0,-31690.84
T0127,CR00127,2026-09-16,2026-09-17,FUND01,JPM,BUY,3900,207.9248,39.0,-810945.72
T0173,CR00173,2026-09-17,2026-09-18,FUND01,BAC,BUY,900,39.7884,9.0,-35818.56
T0164,CR00164,2026-09-17,2026-09-18,FUND01,AAPL,BUY,700,222.6418,7.0,-155856.26
T0161,CR00161,2026-09-17,2026-09-18,FUND01,KO,SELL,3000,69.4682,30.0,208374.6
T0085,CR00085,2026-09-17,2026-09-18,FUND01,BAC,BUY,1900,41.7626,19.0,-79367.94
T0083,CR00083,2026-09-17,2026-09-18,FUND01,XOM,SELL,1600,115.3419,16.0,184531.04
T0114,CR00114,2026-09-17,2026-09-18,FUND01,BAC,SELL,3000,41.5005,30.0,124471.5
T0140,CR00140,2026-09-18,2026-09-21,FUND01,AAPL,SELL,2100,234.85,21.0,493164.0
T0120,CR00120,2026-09-18,2026-09-21,FUND01,MSFT,SELL,1900,425.4468,19.0,808329.92
T0029,CR00029,2026-09-18,2026-09-21,FUND01,XOM,SELL,600,114.5314,6.0,68712.84
T0111,CR00111,2026-09-18,2026-09-21,FUND01,XOM,SELL,3100,113.6478,31.0,352277.18
T0074,CR00074,2026-09-18,2026-09-21,FUND01,JNJ,BUY,300,163.352,3.0,-49008.6
T0117,CR00117,2026-09-18,2026-09-21,FUND01,AMZN,BUY,1600,186.3105,16.0,-298112.8
T0013,CR00013,2026-09-18,2026-09-21,FUND01,XOM,BUY,1400,113.4783,14.0,-158883.62
T0088,CR00088,2026-09-18,2026-09-21,FUND01,XOM,BUY,3100,114.1467,31.0,-353885.77
T0004,CR00004,2026-09-18,2026-09-21,FUND01,JPM,BUY,1800,209.4264,18.0,-376985.52
T0157,CR00157,2026-09-21,2026-09-22,FUND01,KO,SELL,1400,68.6768,14.0,96133.52
T0128,CR00128,2026-09-21,2026-09-22,FUND01,KO,SELL,3200,68.6701,32.0,219712.32
T0142,CR00142,2026-09-21,2026-09-22,FUND01,NVDA,BUY,2800,120.7662,28.0,-338173.36
T0001,CR00001,2026-09-21,2026-09-22,FUND01,MSFT,BUY,600,440.5326,6.0,-264325.56
T0112,CR00112,2026-09-21,2026-09-22,FUND01,MSFT,SELL,200,433.3831,2.0,86674.62
T0009,CR00009,2026-09-21,2026-09-22,FUND01,BAC,BUY,3400,42.7537,34.0,-145396.58
T0101,CR00101,2026-09-21,2026-09-22,FUND01,AAPL,BUY,1800,229.643,18.0,-413375.4
T0053,CR00053,2026-09-21,2026-09-22,FUND01,AMZN,SELL,3500,180.084,35.0,630259.0
T0093,CR00093,2026-09-21,2026-09-22,FUND01,AMZN,SELL,2200,195.7785,22.0,430690.7
T0021,CR00021,2026-09-21,2026-09-22,FUND01,XOM,BUY,3200,116.392,32.0,-372486.4
T0131,CR00131,2026-09-22,2026-09-23,FUND01,BAC,SELL,1100,43.3834,11.0,47710.74
T0049,CR00049,2026-09-22,2026-09-23,FUND01,MSFT,BUY,400,423.5705,4.0,-169432.2
T0046,CR00046,2026-09-22,2026-09-23,FUND01,AMZN,BUY,3700,181.9731,37.0,-673337.47
T0022,CR00022,2026-09-22,2026-09-23,FUND01,AAPL,BUY,3700,238.2394,37.0,-881522.78
T0096,CR00096,2026-09-22,2026-09-23,FUND01,JNJ,SELL,3000,164.0697,30.0,492179.1
T0098,CR00098,2026-09-22,2026-09-23,FUND01,NVDA,SELL,3700,122.235,37.0,452232.5
T0107,CR00107,2026-09-22,2026-09-23,FUND01,MSFT,BUY,1300,438.278,13.0,-569774.4
T0165,CR00165,2026-09-22,2026-09-23,FUND01,AAPL,SELL,3700,225.7282,37.0,835157.34
T0028,CR00028,2026-09-23,2026-09-24,FUND01,AMZN,SELL,3500,182.2392,35.0,637802.2
T0040,CR00040,2026-09-23,2026-09-24,FUND01,KO,BUY,2900,69.6331,29.0,-201964.99
T0042,CR00042,2026-09-23,2026-09-24,FUND01,BAC,SELL,2400,41.9222,24.0,100589.28
T0045,CR00045,2026-09-23,2026-09-24,FUND01,JNJ,SELL,2400,166.4339,24.0,399417.36
T0017,CR00017,2026-09-23,2026-09-24,FUND01,AAPL,BUY,1300,221.8685,13.0,-288442.05
T0050,CR00050,2026-09-23,2026-09-24,FUND01,AAPL,BUY,2300,233.7677,23.0,-537688.71
T0069,CR00069,2026-09-23,2026-09-24,FUND01,KO,BUY,300,68.2039,3.0,-20464.17
T0090,CR00090,2026-09-23,2026-09-24,FUND01,BAC,BUY,2900,41.739,29.0,-121072.1
T0086,CR00086,2026-09-23,2026-09-24,FUND01,JPM,BUY,300,207.2033,3.0,-62163.99
T0095,CR00095,2026-09-23,2026-09-24,FUND01,JPM,BUY,1400,206.8217,13.0,-289563.38
T0129,CR00129,2026-09-23,2026-09-24,FUND01,JNJ,SELL,1800,155.1476,18.0,279247.68
T0035,CR00035,2026-09-24,2026-09-25,FUND01,JPM,BUY,1000,212.504,10.0,-212514.0
T0018,CR00018,2026-09-24,2026-09-25,FUND01,MSFT,BUY,100,426.2241,1.0,-42623.41
T0016,CR00016,2026-09-24,2026-09-25,FUND01,AAPL,BUY,800,223.8729,8.0,-179106.32
T0145,CR00145,2026-09-24,2026-09-25,FUND01,JNJ,SELL,3100,155.9952,31.0,483554.12
T0015,CR00015,2026-09-24,2026-09-25,FUND01,AAPL,BUY,3900,233.7809,39.0,-911784.51
T0162,CR00162,2026-09-24,2026-09-25,FUND01,JNJ,BUY,2500,158.8238,25.0,-397084.5
T0067,CR00067,2026-09-25,2026-09-28,FUND01,JNJ,SELL,2900,156.9816,29.0,455217.64
T0113,CR00113,2026-09-25,2026-09-28,FUND01,AAPL,BUY,3100,230.5526,31.0,-714744.06
T0003,CR00003,2026-09-25,2026-09-28,FUND01,JNJ,SELL,600,154.0886,6.0,92447.16
T0124,CR00124,2026-09-25,2026-09-28,FUND01,JNJ,BUY,3900,156.1478,39.0,-609015.42
T0126,CR00126,2026-09-25,2026-09-28,FUND01,CAT,BUY,400,349.3341,4.0,-139737.64
T0105,CR00105,2026-09-25,2026-09-28,FUND01,XOM,SELL,100,118.7023,1.0,11869.23
T0057,CR00057,2026-09-25,2026-09-29,FUND01,JNJ,SELL,500,155.021,5.0,77505.5
T0010,CR00010,2026-09-25,2026-09-28,FUND01,NVDA,BUY,3800,121.7214,38.0,-462579.32
T0061,CR00061,2026-09-25,2026-09-28,FUND01,BAC,SELL,2000,41.6641,20.0,83308.2
T0030,CR00030,2026-09-25,2026-09-28,FUND01,XOM,SELL,2700,114.7861,27.0,309895.47
T0125,CR00125,2026-09-25,2026-09-28,FUND01,AMZN,BUY,1900,184.7106,19.0,-350969.14
T0025,CR00025,2026-09-25,2026-09-28,FUND01,CAT,BUY,1800,348.4824,18.0,-627286.32
T0020,CR00020,2026-09-25,2026-09-28,FUND01,AAPL,SELL,3400,232.2654,34.0,789668.36
T0002,CR00002,2026-09-28,2026-09-29,FUND01,AAPL,BUY,1600,232.6207,16.0,-372209.12
T0116,CR00116,2026-09-28,2026-09-29,FUND01,XOM,SELL,3200,113.8684,32.0,364346.88
T0171,CR00171,2026-09-28,2026-09-29,FUND01,AMZN,BUY,3700,182.0751,37.0,-673714.87
T0019,CR00019,2026-09-28,2026-09-29,FUND01,XOM,SELL,500,117.4102,5.0,58700.1
T0167,CR00167,2026-09-28,2026-09-29,FUND01,MSFT,SELL,900,444.5875,8.0,400120.75
T0024,CR00024,2026-09-28,2026-09-29,FUND01,NVDA,SELL,1500,116.9718,15.0,175442.7
T0159,CR00159,2026-09-28,2026-09-29,FUND01,JPM,SELL,200,204.3353,2.0,40865.06
T0063,CR00063,2026-09-28,2026-09-29,FUND01,XOM,SELL,200,115.8401,2.0,23166.02
T0072,CR00072,2026-09-28,2026-09-29,FUND01,JPM,SELL,1400,208.5188,14.0,291912.32
T0084,CR00084,2026-09-28,2026-09-29,FUND01,CAT,SELL,1400,354.8936,14.0,496837.04
T0148,CR00148,2026-09-28,2026-09-29,FUND01,AAPL,SELL,3800,233.3938,38.0,886858.44
T0144,CR00144,2026-09-28,2026-09-29,FUND01,NVDA,SELL,1300,122.8602,13.0,159705.26
T0037,CR00037,2026-09-28,2026-09-29,FUND01,MSFT,BUY,1400,437.9026,14.0,-613077.64
T0134,CR00134,2026-09-28,2026-09-29,FUND01,MSFT,BUY,1300,413.7674,13.0,-537910.62
T0147,CR00147,2026-09-28,2026-09-29,FUND01,AAPL,SELL,2400,226.1995,24.0,542854.8
T0152,CR00152,2026-09-29,2026-09-30,FUND01,KO,SELL,3500,65.6917,35.0,229885.95
T0160,CR00160,2026-09-29,2026-09-30,FUND01,MSFT,SELL,300,439.2597,3.0,131774.91
T0079,CR00079,2026-09-29,2026-09-30,FUND01,KO,BUY,2000,69.6585,20.0,-139337.0
T0076,CR00076,2026-09-29,2026-09-30,FUND01,CAT,SELL,2800,355.5368,28.0,995475.04
T0007,CR00007,2026-09-29,2026-09-30,FUND01,MSFT,SELL,800,424.2331,8.0,339378.48
T0177,CR00177,2026-09-29,2026-09-30,FUND01,CAT,BUY,300,374.0354,3.0,-112213.62
T0121,CR00121,2026-09-29,2026-09-30,FUND01,JPM,SELL,3300,215.3329,33.0,710565.57
T0151,CR00151,2026-09-29,2026-09-30,FUND01,XOM,SELL,1300,111.2794,13.0,144650.22
